甘肃幼儿园校车车祸11月16日9时40分许，甘肃省庆阳市正宁县榆林子镇发生一起交通事故，该镇幼儿园接送校车被撞。事故已造成18名幼儿、一名司机及一名陪护教师死亡，经过核实，发生事故的校车核载9人，实载64人！――我想说，不会保护孩子的民族，没有未来！$LOTOzf$,3
3月25日，大学生科技创新基地揭牌仪式在地质过程与矿产资源国家重点实验室举行。校长张锦高、校党委副书记傅安洲及有关职能部门负责人参加了揭牌仪式。大学生科技创新基地的挂牌为允许和鼓励具有创新潜质的本科生及早进入教师课题、进入实验室提供了更好的成长平台。				$LOTOzf$,3
毕业生能力该怎么“考”？想让校园招聘对应聘者有足够的吸引力，单是科学的考试内容还不足够，因为校园招聘是一个系统工程，需要在考试运营方面全面部署。作为校招服务商ATA公司推出的人性化服务，帮助客户考虑了诸多人性化的因素，包括招聘考前、考中以及考后需要考虑的众多直接、间接的关怀服务				$LOTOzf$,3
千呼万唤始出来！友成创业咖啡终于上网了。这是给大学生开的创业启蒙教育课。目前正在十个大学开讲。第一讲是芙蓉叔叔--徐小平在北大讲他的创业辛酸史， 花点时间见识他的侃功吧$LOTOzf$      友成创业咖啡:噢漏，这周木有创业咖啡…不过，前几讲视频已经传到网上啦~ 大家可以在http:url.cn/2u6KCD  看到徐小平老师的创业咖啡第一讲“创业与投资――我的失败与成功经验”。感谢徐老师精彩的讲座！也谢谢张焱国铭知足长乐杨强黄雪娇 等博友的热心敦促~                收起友成创业咖啡第一讲-徐小平,3
【工商管理毕业论文】 http:url.cn/3yr1R4$LOTOzf$,3
甘肃幼儿园校车车祸：校车核载9人实载64人  http:url.cn/4Q0TYU  痛心！$LOTOzf$,3
珞珈风采近日，由ITPC-China（国际治疗倡导联盟中国区）颁发的第三届“精忠奖”揭晓，武汉大学中南医院桂希恩教授荣获本届唯一的“特别贡献奖”。        $LOTOzf$,3
【法律毕业论文】 http:url.cn/3iZxL3$LOTOzf$,3
【小学学生安全教育讲稿】 http:url.cn/2RUk45$LOTOzf$,3
这是武大创业咖啡的以大一为主的管理团队。别小看这些年青人。最左边这小姑娘曾是湖北省跆拳道冠军。她有一创业公司，生产她的专利，“干洗判别扣”，专门测干洗店是否假干洗。已投产，淘宝网上有售。牛吧!$LOTOzf$,3
在新一年将会推出晒晒学校最美的角落，欢迎海外及全国各院校同学参加!http:t.cn/StHhSK 老校友赶快回校拍下照片，欢迎大家用任何拍照的方法留下心中最美的那一张校园角落，15/12接受投稿，上传给--群管理员灵梓。 记得要告诉灵梓QQ:390478730你的学校名和你的名字!我们会有小礼物送给你!        $LOTOzf$,3
商务英语【描述同事】Some co-workers are harder to work with than others. 与其他人相比，有些同事较难相处。She’s never willing to stay a little later at the office. 她从来不愿多加一点班。Even though he’s still a bit green, he is a great co-worker.他虽没经验，但是个不错的同事。				$LOTOzf$,3
校车事故赔偿记者从15日召开的江苏丰县校车事故第四次新闻发布会上获悉，因事故驾驶员无力承担巨额赔偿，丰县政府参照有关法规，核定给每位遇难者家庭代偿死亡赔偿金等以及支付救助金共计50.2万余元。据丰县 http:url.cn/0PudMA$LOTOzf$,3
【机电一体化毕业论文】机电一体化毕业论文 http:url.cn/4fuHed$LOTOzf$,3
重庆大学上海校友会2011年会   http:url.cn/2vahwm$LOTOzf$,3
搜房校园招聘今天晚上6点，同济大学四平路校区，经纬楼三楼演讲厅，搜房2012校园招聘上海站，恭候您的光临！$LOTOzf$,3
这是武大创业咖啡的以大一为主的管理团队。别小看这些年青人。最左边这小姑娘曾是湖北省跆拳道冠军。她有一创业公司，生产她的专利，“干洗判别扣”，专门测干洗店是否假干洗。已投产，淘宝网上有售。牛吧!$LOTOzf$,3
毕业生能力该怎么“考”？想让校园招聘对应聘者有足够的吸引力，单是科学的考试内容还不足够，因为校园招聘是一个系统工程，需要在考试运营方面全面部署。作为校招服务商ATA公司推出的人性化服务，帮助客户考虑了诸多人性化的因素，包括招聘考前、考中以及考后需要考虑的众多直接、间接的关怀服务				$LOTOzf$,3
【工商管理毕业论文】 http:url.cn/3yr1R4$LOTOzf$,3
3月25日，大学生科技创新基地揭牌仪式在地质过程与矿产资源国家重点实验室举行。校长张锦高、校党委副书记傅安洲及有关职能部门负责人参加了揭牌仪式。大学生科技创新基地的挂牌为允许和鼓励具有创新潜质的本科生及早进入教师课题、进入实验室提供了更好的成长平台。				$LOTOzf$,3
甘肃幼儿园校车车祸：校车核载9人实载64人  http:url.cn/4Q0TYU  痛心！$LOTOzf$,3
商务英语【描述同事】Some co-workers are harder to work with than others. 与其他人相比，有些同事较难相处。She’s never willing to stay a little later at the office. 她从来不愿多加一点班。Even though he’s still a bit green, he is a great co-worker.他虽没经验，但是个不错的同事。				$LOTOzf$,3
搜房校园招聘今天晚上6点，同济大学四平路校区，经纬楼三楼演讲厅，搜房2012校园招聘上海站，恭候您的光临！$LOTOzf$,3
【法律毕业论文】 http:url.cn/3iZxL3$LOTOzf$,3
珞珈风采近日，由ITPC-China（国际治疗倡导联盟中国区）颁发的第三届“精忠奖”揭晓，武汉大学中南医院桂希恩教授荣获本届唯一的“特别贡献奖”。        $LOTOzf$,3
重庆大学上海校友会2011年会   http:url.cn/2vahwm$LOTOzf$,3
【机电一体化毕业论文】机电一体化毕业论文 http:url.cn/4fuHed$LOTOzf$,3
千呼万唤始出来！友成创业咖啡终于上网了。这是给大学生开的创业启蒙教育课。目前正在十个大学开讲。第一讲是芙蓉叔叔--徐小平在北大讲他的创业辛酸史， 花点时间见识他的侃功吧$LOTOzf$      友成创业咖啡:噢漏，这周木有创业咖啡…不过，前几讲视频已经传到网上啦~ 大家可以在http:url.cn/2u6KCD  看到徐小平老师的创业咖啡第一讲“创业与投资――我的失败与成功经验”。感谢徐老师精彩的讲座！也谢谢张焱国铭知足长乐杨强黄雪娇 等博友的热心敦促~                收起友成创业咖啡第一讲-徐小平,3
甘肃幼儿园校车车祸11月16日9时40分许，甘肃省庆阳市正宁县榆林子镇发生一起交通事故，该镇幼儿园接送校车被撞。事故已造成18名幼儿、一名司机及一名陪护教师死亡，经过核实，发生事故的校车核载9人，实载64人！――我想说，不会保护孩子的民族，没有未来！$LOTOzf$,3
在新一年将会推出晒晒学校最美的角落，欢迎海外及全国各院校同学参加!http:t.cn/StHhSK 老校友赶快回校拍下照片，欢迎大家用任何拍照的方法留下心中最美的那一张校园角落，15/12接受投稿，上传给--群管理员灵梓。 记得要告诉灵梓QQ:390478730你的学校名和你的名字!我们会有小礼物送给你!        $LOTOzf$,3
校车事故赔偿记者从15日召开的江苏丰县校车事故第四次新闻发布会上获悉，因事故驾驶员无力承担巨额赔偿，丰县政府参照有关法规，核定给每位遇难者家庭代偿死亡赔偿金等以及支付救助金共计50.2万余元。据丰县 http:url.cn/0PudMA$LOTOzf$,3
【小学学生安全教育讲稿】 http:url.cn/2RUk45$LOTOzf$,3
