,sister_comment
0,回复@一只鹿的璐6:1G 
1,骚呢 
2,开车罚款 81万 
3,回复@万事皆难你可爱就够了: 
4,回复@Kerwin_庆:具体情况具体分析 
5,回复@Priapus_dh:啊这 
6,回复@有rourou:持久的很 
7,回复@番茄配吐司:@id好听且带古风 
8,回复@leungeuro:l 
9,回复@滚过来舔包: 
10,回复@故人好梦:what？ 
11,回复@季俩婷er:层主派我来了 
12,回复@今天也想吃糖ya:秀啊 
13,回复@Tutu彤_:哈哈哈 
14,回复@1128张情书:我之前就看过这个海报了 
15,回复@MeNdaCIous_:冈本不滑，哈哈哈 
16,有的事情可以快的同时，慢下来 
17,回复@高数永远爱我:？ 
18,回复@谁说戈壁滩不会有灯塔:所以。。 
19,81万的罚款不算啥，我就喜欢杜杜的硬刚文案👍👍👍 
20,回复@_无人问我粥可暖_:太内涵了 
21,回复@未知花生了什么:杜蕾斯的广告一向很优秀啊 
22,回复@-鱼头泡饼:？？？ 
23,回复@男朋友是爱哭鬼:慢慢来 
24,回复@莱康村村民:懂啦！哈哈谢谢 
25,回复@扶阿斗的人:找女生干嘛 
26,回复@异形:我看这个来 
27,回复@薇哥哥_:他们很棒，所以……现在你是前任 
28,回复@ChloeinNeverland:哈哈哈哈哈哈哈 
29,回复@丹屯:我很快吗？ 
30,回复@大圣爱吃车厘子:文案鬼才 
31,回复@Qyin-:没怎么用过，不太了解 
32,回复@FFFFUCKINGUUU:噗，懂! 
33,回复@巧克力今天化了:冒看懂??? 
34,@梓汀 
35,回复@Aaron_0729:锤你 
36,回复@媛茫茫:我还以为是苹果12发布，我寻思着你艾特我干嘛啊 
37,回复@独角兽爱表演:WiFi，贼快 
38,回复@大闸蟹奥特曼:我还艾特你了 
39,既快又久，咋地？！哈哈 
40,回复@阿噜是噜不是狗: 
41,着词牛 
42,回复@Aaron_0729:wi—fi是啥？ 
43,杜蕾斯就喜欢这种人才哈哈哈哈哈//@leungeuro:“配件，也很重要” 
44,回复@vdwiy:希望我未来的npy可以遵循这一条 
45,回复@张洁呀_:我快？！ 
46,老哥，稳👍 
47,求在安徽合肥的或者安徽江苏浙江的女生私信！素觉也可以！就算不睡觉，在合肥万达乐园玩过山车也行！当交朋友 
48,回复@秃头小卷毛:你就是想试试 
49,回复@嘟嘟丶小黄色:拿着爱的号码牌 
50,回复@独角兽爱表演:俺是Wi-Fi 
51,回复@Sunshine丶xiao玮:可以但是没有必要 
52,回复@小胖没有橘:哈哈哈哈哈哈哈哈哈哈哈哈，鬼才营销 
53,罚单正向你快速奔来 
54,回复@常安歌家那女的:对不起我慢不下来 
55,回复@xxxsmxxx_:哈哈哈哈哈哈哈哈哈哈哈哈哈哈哈哈哈 
56,回复@leungeuro:草 
57,回复@小芙蝶大王:哪里不妥我给你分析分析 
58,好配件 
59,杜蕾斯文案很🐮 
60,回复@小余同学吖-:ghs 
61,回复@磕死夏弥:比如说 
62,再快一点 
63,回复@bxxrw:好 
64,回复@晚间心动:我一个男的居然还是第一次听说这玩意 
65,回复@王一博你睡觉别压我头发:简直绝 
66,回复@你永远也叫不醒一个装睡的宋铎:心动的是文案不是产品哈 
67,回复@精神分裂症早期:是给寄一次性筷子么？ 
68,回复@BornStubborn5:抄袭，不配 跟抖某音狗一个德行，啥红抄啥 
69,回复@昨天还是青春:一动不动是王八 
70,回复@何妨少年狂:不好不好，别抖机灵 
71,回复@Sunshine丶xiao玮:我看不妥 
72,回复@小饶的珍珠:无处不在杜蕾斯 
73,回复@啵吻甜鑫:哈哈哈哈哈哈哈哈哈 
74,回复@晚婚v:牛的  老文化人了 
75,感觉今年的某水果发布会文案一般了 
76,回复 @图诗z:哎呀你还是太惯着我 
77,回复@多戈是只狗:你不对劲 
78,回复@丫头也有梦想:这就是你分手的理由吗 
79,回复@晓晓阔爱:吃独食是吧 
80,回复@小芙蝶大王:这事得听你姐们的 
81,回复@仙仙qwe:工具人 
82,回复@冷不丁不冷l:不懂 
83,回复@4hannn: 
84,回复@皖男L: 
85,回复@葡萄啵啵加奶盖:牛逼 
86,哈哈哈啊哈哈哈哈哈哈哈哈 牛啊 
87,回复@风不如你温柔:我又不快 
88,回复@二三皮卡皮卡:牛批 
89,@睡不醒de丸酱 这个文案也撩人么？ 
90,回复@一梦甜甜圈:你可以快一点哈哈哈哈哈哈哈哈哈 
91,@图诗z  
92,回复@嫣嫣燕然:选个好配件 
93,还是杜杜骚啊 
94,回复@leungeuro:@出门要带耳机 
95,说骚话被罚81万哈哈哈哈哈哈 
96,@zzzzm233 
97,@乐崽的微博 你可以慢一点 
98,回复@话痨洛:我还没做过，处男 
99,回复@Priapus_dh:这么狠 
100,回复@leungeuro:@金牌打手小庄 怎么个意思 
101,回复@一颗柠檬Tea_: 
102,回复@一觉睡到自:不能太快！ 
103,回复@平时多吃水果:嗯 
104,@_Koyan__ 
105,来 
106,回复@小栗爻零:我不持久吗 
107,回复@等一个陪我练琴的大金毛:哈哈哈哈哈 然后罚款就来了… 
108,回复@迷惑梦梦子:那你心动了吗 
109,回复@给你我最温暖的阳光:杜蕾斯还是杜蕾斯 
110,回复@龙星凉昨晚真猛:哈哈哈哈哈哈哈哈哈哈哈笑死了 
111,回复@CELY夏:运气真好 你单身吧 
112,回复@平时多吃水果:一盒吧 无心插柳 只是因为喜欢文案 只是碰巧关注 
113,回复@萌了个萌_:淦 
114,@hypnotize3 看评论 
115,我就是戴套快，不带套才能持久战 
116,回复@CELY夏:你运气好好哦 几盒啊？ 
117,回复@平时多吃水果:哈哈哈真的吗 期待 
118,回复@阿喵是喵不是猫:“配件，也很重要” 
119,回复@一颗靓仔牛奶糖鸭:我看这个了！第一条评论笑死我 
120,回复@超哥帅过库兹马:你慢点 
121,回复@吃不吃一稞呢:那我就是3g吧 
122,被通报批评的水平 
123,回复@笑着拉屎的姑娘:哈哈哈啊哈哈哈对哈哈哈哈 
124,回复@比c丘m尼c:很快。。 
125,回复@HQL8013:这条广告被罚了啊 
126,回复@爱笑的小朋友1995:你买 
127,回复@保护我方泥鳅-:？？ 
128,回复@CELY夏:听说还有很特别的包装 
129,回复@记得放火CC: 
130,回复@7枚针7:评论就很有才 
131,5G给你速度，杜杜给你温度 ¡查看动图 
132,就这？ 
133,回复@美女在的: 
134,都愣着干嘛，都鼓掌啊....//@自閉宇宙_
135,回复@IFishbiooi_:？ 
136,回复@小猫妹妹吖:？？？ 
137,回复@平时多吃水果:001 
138,回复@邦杰士521:最新001呀 
139,回复@GYJanice:我是6G 
140,都是人才 
141,回复@楊小可以_:牛 
142,回复@Zhangshiyang-_:快而不敷衍 
143,回复@水原车厘子z: 
144,回复@JeongHL:哈哈哈哈哈哈牛逼 
145,回复@Shine-will:天呐…🐷 
146,我来康康有没有人艾特另一个人的 
147,回复@别那么甜:江苏电话线了解一下  
148,回复@Jasper的小:得，那以后就买杜蕾斯 
149,回复@打字废陈:我看这个微博了没看这条评论 
150,回复@Starry-ciao:需要加钟吗 
151,回复@洗奶薇: 
152,回复@狂躁的马铃薯: 
153,回复@双门洞豹子女士_: 
154,@是2020年的快乐猪猪 
155,回复@深海不知未眠:差点没看出来这个OOL是啥我估计你以后会爱上这个 超薄 
156,回复@Lm-修:哈哈哈哈哈哈哈哈哈哈 
157,回复@鹿的林空鹿饮溪:慢慢来？ 
158,回复@爱王咪呀: 
159,@刘北方_ 
160,回复 @sYanax:？ 
161,回复@爱莹斯坦-:哈哈哈哈真是一个也不放过 
162,回复@o海盐芝士可颂o: 
163,回复@不想起床怎么了:???? 
164,回复@青禅棂: 
165,回复@CCCCCjeans:图片评论 O网页链接 
166,回复@不次香菜嗷: 
167,不要随便艾特我 
168,回复@leungeuro:@佳佳睡到自然醒- 
169,@比宁采臣帅的旭仔 杜蕾斯的文案总让我惊艳 
170,回复@Yu3_o3l4: 
171,回复@2020早点睡觉鸭:我怎么不懂 
172,@满溢与刚刚好_ 
173,回复@SenbonBalus:你很皮会啊 
174,回复@Ray_hann:怀疑你在开车但又没证据 
175,回复@善意第三人李某:ool 
176,我是2G 
177,回复@无敌黄小妹:顶你 
178,回复@无敌黄小妹: 
179,回复@不会22222222:什么麻烦 
180,回复@CELY夏:什么奖品 
181,回复@建议冰冻保存:热搜 
182,回复@不二家的路七:呵呵呵，你说快就快吧，您老开心就好 
183,回复@Evo4me: 
184,回复@西山不可刘:明白了!! 
185,回复@番茄配吐司:咱是E 
186,图片评论 ¡评论配图 
187,回复@Yys-Goddesses:都特么是异性，去挖墙脚 
188,回复@是智妮:还不懂嘛 
189,我的那事情，大概就是发展到6G了吧 
190,用杜杜，体验5g快感 
191,回复@_七月十四_:咋类 这不正常？ 
192,回复@碳酸士哆啤梨:不至于不至于不至于！！！！ 
193,回复@俊灏先森:不要乱@我，搞得我以为我爱情来了 
194,回复@要当锦鲤的小菇娘:哈哈哈哈哈，杜蕾斯广告部一直很行。 
195,回复@喵熊大仙:哈哈哈哈 
196,回复@TipsyNeon_: 
197,回复@浅池a: 
198,回复@卡卡崩嚓嚓: 
199,回复 @肉肉di女孩:不能射太快 
200,看广告文案首先杜蕾斯 
201,针不戳 
202, 
203,回复@MegAsh:哈哈哈 杜杜因为这个被罚钱了 
204,回复@Blessuresss:？？？？？ 
205,回复@H_Acerola:对于你，慢是煎熬 
206,回复@万事胜意-yeah:咦你好呕 
207,深入浅出，浅尝辄止 
208,回复@尼莫酱TT:混蛋 
209,@桃花换小鱼干好吗 “配件”也很重要 
210,回复@小气崽崽:？？ 
211,回复@AnyongYFJJ:我以为你不满意呢，吓死劳资 
212,@桃花换小鱼干好吗 笑死我了 
213,回复@ZanAnng: 
214,回复@席大仙在床上:@猫的夏目55- 
215,回复@ZzaoZann:我不快！！！ 
216,回复@小吉祥啊啊啊啊啊啊啊:然后就吃罚单了 
217,回复@AnyongYFJJ:哈哈哈哈哈我就是觉得有意思而已 
218,回复@科二没挂该多好:？这个文案你艾特我，我慌了呀 
219,回复@甦蘆蘆蘆蘆:我怀疑你在开车，现在比我都污 
220,@天若有情69000 ！！！别太快 
221,回复@Chinningl:你才快！你最快！ 
222,回复@ZzaoZann:有些事情！不能太快！ 
223,回复@载覆旧时光:这下好了，罚款来了吧！唉 
224,这这速度上我希望停留在BB机的时代 
225,回复@梅子-LYM:每每都被杜蕾斯的文案打败 
226,回复@茄子jiu酱_:好的，明白 
227,回复@勉妹阿:你整天看的都是啥 
228,回复@_Niuaniu:我要用这个！ 
229,回复@easymoneys35:惹 badbad了啦老公 
230,哈哈哈，这文案绝了 
231,回复@奔跑的五花肉不服输:你不对劲但是我喜欢 
232,回复@咸鱼丁强:你不对劲 
233,论文案，收下我的膝盖@杜蕾斯官方微博 
234,回复@常Cwy:怪不得人家稳居市场第一 
235,回复@桃溪一念:？？？好的，今晚别说受不了 
236,回复@加二的加一:上热搜了都 
237,回复@阿姆斯特丹的水手:我哪里快了？ 
238,回复@向上的莎子:后来呢？ 
239,回复@薇哥哥_:哪几个？ 
240,回复@巧克力可以:没有看懂 
241,回复@快让芝士拉丝儿:时间太长，也不是啥好事 
242,回复@Priapus_dh:怎么夹的？ 
243,回复@多戈是只狗:现在呢？ 
244,回复@不爱咖喱的咖喱pin:每次杜蕾斯的安全系数都让你失望 
245,回复@PbYilia-:哈哈哈哈哈哈哈哈哈 这广告被罚了80万 
246,回复@潘博语是宝贝:冲他吗的 
247,回复@梭哈嗷:6哥 
248,说说你们用持久装的感受 
249,回复@徒孙无忌:牛逼啊 
250,牛的哇 
251,回复@脆枣女孩呗:嗯？ 
252,回复@小伙子巭孬嫑夯飙车哟:哈哈哈哈啊哈哈哈 
253,回复@杜蕾斯官方微博:光有配件没有用！你寄个手机套，有没有问过他有没有手机呢？ 
254,回复@CELY夏:中的什么呀 
255,回复@鱼丸加芥末:很复杂啊，谈了一两年分手的，分手后两年多没见面但是有联系，后来都放不下就见面了，然后很心动差点复合，处于复合过程中然后又掰了啊 
256,阿哈哈哈哈哈哈哈哈！他妈的我中奖了居然！我第一天关注杜杜 喜欢你们文案好久了！哈哈哈哈不知道说啥 能再顺便送个对象吗！ 
257,回复@CCor陈晨:当然不是啦，分手时候22岁，然后后面两年没有见面，后来再见还是很心动，然后就差点复合那不是又擦出来火花了，只不过去年我俩吵架掰了没复合成 
258,回复@今宵明月照山河-:c 
259,回复@国文吸: 
260,回复@leungeuro:@今晚与我缠绵- 哈哈哈哈哈 
261,回复@Jushuang-:ohhhhhhhhh我也想要和你配件 
262,@ECPhotography 
263,回复@-水星观察日记-:？ ？ ？ 官方微博 你不对劲 你是关注了嘛 ？ ？ ？ 
264,生死看淡，不服就干！ 
265,回复@陈敏吃不饱:我不用杜蕾斯 
266,回复@leungeuro:@某寿寿寿寿飕飕飕飕 
267,@默默墨80527 
268,回复@大家好我是一个帅哥:哈哈哈哈哈我想求一個原圖 
269,牛逼的文案，值千万 
270,回复@苏一驼:妈鸭 
271,回复@微博抽奖平台:@快乐小晨- 
272,来了 
273,回复@心想事成诚成_:666 
274,@MambaGirl劉倩欣 
275,回复@番茄配吐司:卡了 
276,回复@想着婷:笑死哈哈哈哈哈哈哈哈哈哈哈哈 
277,回复@草莓佳心棉花糖:啥玩意 玩具啊？ 
278,回复@镹镹-:哈哈哈哈哈 
279,招惩罚了吧？ 
280,回复 @小楊人YJ:？ 
281,回复@叫我橘子气泡水:我不可能慢下来！ 
282,回复@热化学方程式: 
283,回复@温火火温水水:？ 
284,回复@嘎嘣脆的小熊软糖_:快？哈哈哈哈 
285,回复@leungeuro:@捎点夜宵给月亮 笑🐭 
286,回复@Soeager:我不快 
287,@小豆猴哟 
288,回复@一定要吃火锅:嘿嘿嘿 
289,回复@是小丑i:那岂不是很快 
290,杜蕾斯比杰士邦有文采多了 
291,回复@正拾柒:谁都以为热情它永不会减 
292,回复@正拾柒:秀儿…… 
293,这评论也太精彩了哈哈哈哈哈哈能不能分配个对象给我 
294,回复@松岛吉吉酱:不会吧不会吧 
295,回复@原来日语字符用不了噢:可以呢你 
296,回复@七个7_:哈哈哈哈哈我要笑死 
297,回复@叫我福音大人:你不需要，这是什么虎狼之词哈哈哈哈哈哈哈哈 ¡评论配图 
298,每次发布会都不放过！ 
299,回复@杜蕾斯官方微博:我也要配件 
300,中了我把它卖给有需要的人 
301,回复@石际上:再送我一个男朋友哦 
302,666 
303,哈哈哈哈 
304,回复@不二家的路七:好多个G 
305,回复@小陆的宝马沈:没 只是觉得这个广告很内涵 
306,回复@拿键盘怼键盘侠: 
307,回复@微博抽奖平台:哈哈哈哈哈哈 还有30min 
308,回复@杀人狂魔苟尾草:哈哈哈哈哈哈哈 
309,回复@噢是blue:哈哈哈哈 那你男朋友应该蛮久的 9久+1久！ 
310,回复@小岚酱ww:不相信，应该没处多久 
311,回复@羊皮说叫格辛叭: 
312,回复@吃布丁的小胖惟:卧槽牛逼 
313,回复@Edison啊哈哈哈:在哪买 
314,回复@木子日天金名: 
315,回复@知名网友小Deng:啊哈哈哈哈哈哈真是一绝 
316,不亏是杜潮 
317,回复@小何靓仔的梦_:嘿嘿嘿 
318,回复@那打个嗝吧:把你打一顿 
319,回复@leungeuro:@EeSciQ 这个文案比官方好 我看了评论才看懂 
320,@顏zZ @母亲如佛渡我一生 
321,回复@桥本环奈全球分奈:哈哈哈 
322,回复@甜甜的赞哥呀:哈哈哈哈哈绝了 
323,回复@L_yman: 
324,转发微博 
325,回复@Hey你的酸奶:？？ 
326,回复@阿天不黑:哈哈哈哈哈 
327,回复@派大曹:唉～别说了，今天刚整完，后面还有呢。我也挺想弄这种的，条件不允许啊（郁闷.jpg） 
328,回复@路-过-而已:哈哈哈哈 
329,回复@6块腹肌与理想:不正经啊 ¡评论配图 
330,回复@舍不得一口吃掉:艾特我干嘛你 难道我很快嘛 
331,回复@岑欢欢呀:这个可不能接上5G 
332,回复@绿茶Somnus:不能太快 
333,回复@木子日天金名:不是 我给你看而已啊 臭猪 哈哈哈哈哈 
334,回复@飞飞大阔爱lzn:哇哦，它又正常回来了，杜蕾斯 
335,回复@微博抽奖平台:@潜意识的秋裤  
336,回复@L_yman:？？？？？我很快？ 
337,回复@沉默寡言李二狗:一天天的微博冲浪好勤快 
338,回复@沉默寡言李二狗:so，why you  @   me？ 
339,回复@A-Lin浓眉小虎牙: 
340,回复@LiLYER-: 
341,任何热点，杜蕾斯都是这么能干。#苹果发布会# 
342,回复@小韩少女的梦:请你慢慢来！ 
343,回复@JayyyDx: 
344,回复@穆彤同学:？？？？？ 
345,回复@Arlue-fan:嗯？？？ 
346,@Ked45 
347,回复@zzhangyp-:？？ 
348,回复@在逃公主Lenny酱:哈哈哈， 
349,杜杜的文案，一直都不会让你失望 
350,回复@Double阿呆:我没懂 
351,回复@Leo是无业游民:我没明白什么梗 
352,回复@张千府:男朋友好吧 
353,回复@海海treebaby:让后就把人家甩啦？？七年呀 
354,回复@Priapus_dh:劲这么大的嘛 
355,回复@南歌HA:配件，也很重要 
356,回复@Cassie超甜小卡:我也可以缓慢但持久 
357,我想看看配件硬不硬 
358,回复@快让芝士拉丝儿:饱汉子不知饿汉子饥～我羡慕一下 
359,回复@精神分裂症早期:然后呢没了？ 
360,环保 环保 环保 
361,回复@Karlieeee-:笑死了 
362,回复@聂芳雪a_拉suo:？？ 
363,你浪一点，我慢一点，这样我们就会很浪漫。 
364,回复@张安生Skrrr-:主要是 您真的很快呀 
365,回复@崔虾仁:你不对劲 
366,回复@番茄配吐司:有没有拨号的 
367,哈哈哈哈哈哈哈 
368,回复@精神分裂症早期:都那么大人了，还没做过，不要也罢剁了煲汤 
369,回复@逆水循环:？？？？？？？？？ 
370,奖品名称
371,回复@w姓坐标轴:棒 
372,回复@是小丑i:那你是几G呀 
373,回复@解夏吃夏玩: 
374,回复@做个早操吗:怎么样？昨晚战况如何 
375,回复@WinnerMVP: 
376,回复@精神分裂症早期:28了。 
377,回复@_Ppineapple:纳尼  
378,回复@臧子祺:那我倒不知道 
379,回复@江河湖海一帆舟:玩梗高手👍🏻 
380,回复@粽子也说他怕鬼:？？？ 
381,回复@叫我小谢就好_:啥意思了 
382,回复@番茄配吐司:上海2G想试试 
383,回复@_卑微小黄_:真敢啊 
384,回复@O-cccase:不知道说啥好了 我不需要这个 哈哈哈 
385,回复@到处野的李先森:屁屁屁 
386,回复@-靈魂小熊:然后就被罚了 
387,回复@一臭屁雯-:nmd 
388,回复@娇娇就吃亿口:c乐死了 
389,回复@最后一次后仰跳投:有些事情不能太快 
390,牛逼，安全用品保护两性的广告被罚，人流的广告却贴满了大街小巷无人管理。 
391,回复@36d不给你摸:我老正直了 
392,“硬件，就是配套” 
393,回复@番茄配吐司:@Ertyhvcffcvjub 
394,回复@-钻钻ZHUANGYING:我是大哥大的速度 
395,回复@-AsaSwanttt-:我也想买一本 
396,杜蕾斯真的是财大气粗。 
397,开得一手好车~ 
398,回复@深海不知未眠:要把大牌子全用一遍挑选 
399,回复@番茄配吐司:@甜桃姑姑 
400,回复@咸鱼丁强:你不对劲 
401,回复@HiVianne:我喜欢。 
402,回复@怕者:没有 很持久 
403,回复@王先生gg:不叫太安静了，有_____声。 
404,回复@啊羊Ovo:直接好家伙，看别的？划重点！ 
405,回复@今天也很喜欢彭漂亮:看别的咳嗽 
406,回复@滚过来舔包:No～ 
407,回复@啊羊Ovo:我直接好家伙，光明正大染色！ 
408,顶杜蕾斯pp(品牌) 
409,回复@我躲嘻嘻嘻:Hhhhhhhhhhhh日 
410,回复@Patience7-:想快都难，我还在2G冲浪，马上安排新配色杜蕾斯 
411,回复@是北哥啊喂:还早 
412,@忘了我叫啥来着 @-TamuraKafka- 杜蕾斯的文案确实有东西 
413,回复@你别皱眉Vivian:哈哈哈哈哈，你…… 
414,回复@挽风流kz:哈哈哈哈哈哈哈哈哈哈哈哈哈哈哈 
415,回复@老乡鸡:抓你进鸡笼 
416,明杜班 
417,回复@咚咚咚咚哐-:你这样让我很没面子 
418,回复@幺卜柯寂:杜蕾斯就是这么与众不同 
419,回复@爹爹西单:2G都快退网了 
420,心疼杜杜 
421,回复@我有一个小甜心bae:？ 
422,回复@北方的行者w: 
423,回复@馨馨还在睡:我可是2G哟 
424,回复@蛋蛋大同学:你估计按了快进⏩ 
425,回复@·吃太多會被殺掉喔:这方面我好像是村里1g网 
426,回复@虞甜甜不吃鱼:冲刺得快 
427,装逼 
428,回复@看你mb滚:听见了 我应该慢下来 
429,回复@老子就看你:听见没有 
430,回复@美滋滋的苏:老色胚 
431,回复@精神分裂症早期:30岁了，没体验过恋爱 
432,回复@未末OVO:哥哥不是不快吗 
433,回复@精神分裂症早期:还有处女 
434,回复@陆小铁柱:什么意思鸭 
435,没有男朋友 
436,回复@鲨鱼辣椒Frank: 
437,回复@fm做你的猫:好的我懂了 
438,回复@今天你想啾啾了吗:好好考虑一下我 
439,论蹭热度，我只服杜杜 
440,说这么多，没女朋友咋办 
441,回复@活力少女叮叮当:你@我是想用到你身上么？ 
442,回复@杜蕾斯官方微博:我看起来不需要配件吗？ 
443,回复@精神分裂症早期:21.可以一起尝试的点赞 
444, 
445,绝了 
446,回复@妈的智障的友人:弄 潮 儿 
447,回复@仙仙qwe:专家建议
448,回复@追狗少年s: 
449,回复@口西米二:我懂你什么意思了 
450,回复@就请叫我智慧吧:哈哈哈 
451,回复@暴躁老李在线:那谁知道你能不能用上了 
452,回复@是橙子味的喵大姬呀:买它 
453,回复@江小唄唄:哈哈哈哈哈哈哈 
454,回复@Nomoredawn: 
455,回复@xxzjrpanyu:我的是1G哦 
456,回复@一臭屁雯-:有病？@ 爷干屁啊 
457,回复 @小乔要更优秀:谢我干嘛？你可以让你男朋友试试，看他怎么说 
458,回复@_trl1209_:怎么的 你嫌我不够慢 
459,回复@大概喜欢范小娜:可是他单身 
460,回复@寡言oc74e:没有耳机和充电器了呀... 
461,回复@Jing_Feng4:哈哈哈哈谢谢您 
462,回复@MarS_BI:哈哈哈哈哈哈哈哈哈哈哈哎呀！ 
463,回复@E雯放屁不拉稀:骚气了哈哈哈哈哈哈哈哈 
464,@看你mb滚  
465,@是昨日春晖呀 
466,回复@皮马聊WsW:@皮马聊WsW 快槍___？ 
467,回复@皮马聊WsW:@皮马聊WsW ！！！！ 
468,回复@冰琑儿:笑死我了你根本没这功能好吧 
469,有性生活的底下集合！[饞嘴][饞嘴] 
470,回复@甜甜贩卖员:懂了 
471,看到你被处罚了，才知道你的存在，特意过来关注你 
472,回复@橘子味的奥莉维亚:🐶 
473,回复@蓝也不太澜: 
474,回复@hou009900:自备5g 
475,回复@真滴吃饱了:你，实战实战 
476,666 
477,回复@璐璐再也不吃了:哈哈哈 
478,回复@小田卖泡面: 
479,噗哈哈哈哈哈操@HYKLJ 
480,回复@黑BANMA:啧啧 
481,回复@何家公子初长成-:羡慕，官方给他免费寄了 
482,回复@秦淮何啊:你不应该也了解嘛 
483,回复@苏狗子z:哈哈哈 字面意思的话就能扛 
484,回复@雪梨spongebob:看不太懂 
485,回复@南晨晓:哈哈😃我竟然点进网址了 
486,回复@Atcxyx:哈哈哈哈哈哈哈 
487,回复@Pa-11ppp:？？？？？？？？我可以当这个是暗示.. 
488,回复@温火火温水水:哈哈哈哈哈哈卧槽 
489,回复@奶贝元气糖:哈哈哈 说的很有道理哦 
490,回复@桥本环琪bb:这个我2G 
491,回复@炖可爱:不是你说的你要快点吗？ 
492,这广告说白了，告诉用户两个字
493,回复@善意第三人李某:这个太污了，我们下次要不要换个牌子用 
494,回复@朴星妹妹粉:不能太快 
495,回复@一大只橙子QAQ:谢夸 
496,回复@四玺丸子yomi:不能再延时了，老婆你会受不了的 
497,81个w 值了 
498,图片评论 ¡评论配图 
499,回复@别吻我臭流氓:笑死我了 
500,鬼才策划 
501,回复@Hele94: 
502,回复@coolfff:哟！还有持久装！！ 
503,回复@小陈不吃姜e:哈哈哈哈哈不愧是它 
504,回复@哦利切:😶可以 
505,回复@Oops不學無墅:这是什么车死猪 
506,回复@M迷-宫:多了 
507,回复@万爸爸的小公主:我可以……很慢很慢很慢很慢很慢 慢到两个小时！ 
508,回复@dlwlraa:恶臭 
509,回复@我是一颗小太阳啊w:插到一半软下来的一定有病  正常人都是越来越硬 除非他不爱你 
510,回复@3Derry:哈哈哈哈哈一个钟呢？ 
511,回复@自閉宇宙_:@杜蕾斯 和喜茶 淘票票和饿了么玩色情诱惑擦边球的梗炒作博佲俐，昨天被罚81万。还请公关氺軍团队铣白什么性教育开放自由安全。又碰瓷抄袭渣@苹果 发布蹭热度，等接苹果律师团告到你破产吧 
512,戴上杜蕾斯，你就是下一个诺x亚 
513,回复@Soeager:哈哈哈哈哈哈哈，你有毒哦 
514,回复@HasegawaaLLLL:嗯？ 
515,回复@都不如愿: 
516,回复@神奇的熊熊就是我:傻猪 
517,回复@e1ic:？ 
518,回复@草莓奥利奥抱抱卷:持久我就不需要了 我需要超薄 
519,@呉大寸 @小姜不黑 
520, 
521,回复@沿途292:哈哈  私信不会 
522,千万别买12，一定要等13出来再买，因为连王守义都说十三香 
523,算低俗吗 
524,回复@XzOriana:我不可以慢下来 
525,回复@肉排骨酱酱酱:哈哈哈哈哈哈哈哈哈哈 
526,回复@小栗子HUI: 
527,80多万算广告费也值了 
528,回复@就叫李雨枫啊: 把车速降慢点 
529,据说有抽奖 
530,回复@精神分裂症早期:@分手吧liu亦菲 @HjJss77 @-戒糖少女 @椰奶可可冰 @丁走走吖 很抱歉艾特你们 
531,回复@leungeuro:卧槽！牛逼 
532,用的5g，可是我的流量速度还是邮政的速度 
533,回复@世界太不值得:不夸吧 
534,回复@肖斯塔科易维奇: 
535,回复@铮铮铮铮铮好多铮:哈哈哈哈哈xs 
536,回复@离dx只差一点点: 
537,回复@星辰迷上山野:卧槽哈哈哈哈哈哈哈哈哈文化人 
538,回复@多次婉拒泰勒斯女士:上海2G申请出战 
539,回复@嚟眯:真的吗，我不信，除非 
540,回复@星河间十七行诗:你生日送你这个 祝你早日拥有xsh 
541,慢工出细活 
542,回复@精神分裂症早期:同性体验过，异性没有 
543,回复@leungeuro:明天来杜蕾斯营销部报道 
544,回复 @就是个小朋友哆啦吗:这啥讽刺啊 
545,@洪北鼻1201 
546,回复@Demonioer:？ 
547,回复@波斯大野菊:哈哈哈哈 
548,回复@leungeuro:@大概喜欢范小娜 
549,回复@奔跑的五花肉不服输:@小猪佩奇我配你o 牛逼看看 
550,回复 @不到吃不掉:哈哈哈哈，突然刷到了 
551,回复@一头大海星: 
552,给我也来个配件可好 
553,建议下一个广告文案改为
554,回复@昨天还是青春:我看见下面有人男人说要试试了，你去和他拼刺刀吧 
555,回复@星星不眨眼_: 
556,#湖人总冠军# #iphone12# 爱了爱了 
557,回复@长白凉终:在这件事儿上我是断网的 
558,回复@时萌S:好的 
559,爱了爱了 
560,回复@极其无语子:弄潮儿？ 
561,回复@田田圈_24:哈哈哈哈哈哈哈哈 
562,@小街巷 
563,@WyLee- 够慢了吧？ 
564,回复@wu鸡国国王:操 不是哇 我就是感觉这楼好玩哇 
565,杜蕾斯上海内部员工会互相分享用后体验感吗？？？ 
566,回复@景行chill__:哈哈 
567,回复 @硕-NICK:配件是啥子哇😂😂😂 
568,回复@我没学过高数:你慢？？？ 
569,回复@波纹就是浪啊:有的事情不能太快 
570,回复@一碗柠檬酸菜鱼:哈哈哈哈哈哈哈哈哈哈你这个人我刚看见 
571,回复@我的青春倒在了他的怀里:所以你也是的喽？ 
572,回复@南巷清风湉: 
573,不需要，我就蹭蹭 
574,回复@-z宿原l-:牛蛙 
575,回复@-予河畔与尔永在-:奥利给 
576,回复@Hu倩倩倩哥:我这半个小时起步不需要这东西 
577,@Univerxe 
578,回复@hua_hao啊:小何刚干掉了一个肾 
579,回复@楊小可以_:？喜欢快的？ 
580,那你还能受得了吗 
581,听说你因为搞内涵文案 被罚了81万 
582,哈哈哈哈哈哈杜蕾斯的广告真的绝了 
583,回复@辣椒油辣椒叶:我又快又持久不是吗 
584,回复@其实并不难的丹丹:服了 
585,回复@辣椒油辣椒叶: 
586,上回三秒 这会三下 天 不是这样的 
587,回复@曲奇饼干烧仙草:可以是可以，我顶不住啊 
588,回复@一只特立独行的喵O_e:？ 
589,回复@復失:说我比5G还快！ 
590,回复@最后一口芒果哦:可能 
591,回复@妙蛙粽子z:绝了 
592,回复@可可西里的无人区: 
593,回复@孙妹妹u: 
594,回复@帝君玲珑骰子安红豆:哈哈哈现在都蹭热度成这样了吗 
595,回复@不爱吃糯米团的vv:我语文是体育老师教的  你说啥我都能看懂  zzzzz 
596,回复@Joyce的白日幻想:妈的不是12么 怎么是个杜蕾斯 
597,回复@BornStubborn5:抄袭，不配 
598,回复@嘚滴嘚滴的:ntmd 
599,回复@不爱吃糯米团的vv:你有这功能？ 
600,回复@今天小南瓜减肥了吗:你别惹我 
601,回复@小小璐的大大冯L:他的文案真的绝了 
602,回复@嘚滴嘚滴的:jnm 
603,回复@不爱吃糯米团的vv:你记错人了吧  你和谁弄来 
604,回复@夷陵小绿茶小嗲精:🐂 
605,回复@嘚滴嘚滴的:秒啊 
606,回复@不爱吃糯米团的vv:我秒不秒你不知道？ 
607,回复@嘚滴嘚滴的:你秒 
608,回复@不爱吃糯米团的vv:你别晃啊你  一晃就一个小时 我等的花都谢了 
609,回复@木瓜集装箱呢:完了！一下子没看住 
610,回复@微微微微辣谢谢:是iPhone12 
611,回复@或者或者可以吧:神经 
612,回复@嘚滴嘚滴的:我的意思就是你好好学学，别不到一分钟 
613,回复@不爱吃糯米团的vv:我看好了 咱俩回去就试试 
614,@丁丁橙橙橙 傻了 
615,回复@青木柚春:哈哈哈哈哈哈哈 
616,回复@强壮的打火机:文案今天加鸡腿 
617,回复@李小狮_:慢和久是两个概念 
618,回复@呉什么:……昂 
619,回复@菜真香啊:一个半小时的我还要慢吗 
620,回复 @成功牵手林杨:哈哈哈哈哈 
621,哈哈 
622,回复@你才胖胖捏:没有啊 昨天的热搜 只是给你看看文案，你之前不是提过 还关注过 
623,回复@绝对不应期-: 
624,@做一头座头鲸 
625,回复@黑脸晴晴晴晴晴:我不！我就要快！猛烈的撞击 
626,回复@香蕉你个布囊囊:确实第一个和饿了吗合作不太合适 ¡评论配图 
627,回复@Aghzzzzz:注意言辞 
628,哈哈哈哈，不愧是弄潮儿 
629,哈哈 
630,回复@那天是霜降_:快慢任意切换 
631,回复@大家好ssz:哈哈哈哈哈哈哈好狠 
632,回复@崔不吃x:你找死吗 
633,回复@现在去找你哦:哈哈哈 收到收到 
634,回复@荧鹿: 
635,回复@大眼袋Angela:@Yunnner_ 
636,回复@HaooaHHaooaH:哼💢 
637,回复@积极废人Lemon:他今天赔钱了 
638,回复@可甜可甜了呐_:😂😂😂😂 
639,回复@大家好ssz: 
640,回复@万事顺遂580:你lw了 
641,回复@何妨少年狂:嗯？我们称之为配件 
642,@大家好ssz 
643,回复@我只会高数:？？？我不慢？ 
644,回复@不用再陪你熬夜了:老子！！ 
645,大爱杜蕾斯 
646,回复@范饭房子:然后早上文案上热搜，晚上得罚款上热搜，真捏太好笑了 
647,回复@PINKCHANnee_:看到了 
648,回复 @成功牵手林杨:所以咱以后就只用杜蕾斯 
649,回复@-tyuanyuan:哈哈哈哈哈哈哈哈哈哈哈哈哈哈 
650,@0620stanna 
651,回复@话痨洛:这层我要笑炸裂了哈哈哈哈哈哈哈哈 
652,回复@肌肉猛男十三: 
653,回复@不用再陪你熬夜了:我觉得多浪漫的他的文案 我看了他们说的杰士邦 确实不行 
654,回复@拿盒甜甜圈嘛-:哈哈哈哈哈哈哈哈哈哈哈哈哈哈哈哈哈哈哈哈哈哈哈哈哈哈哈哈哈哈哈 
655,回复@Smiling尚好的青春:哈哈哈 
656,你点赞的很猥琐 
657,回复@取个名字好麻烦___: 
658,回复@番茄配吐司:我不信除非让我试试 
659,回复@一头大海星:😂 😂 😂 😂 😂 
660,回复@给你颗软糖吃啊:我觉得也是 
661,回复@丫头也有梦想:分的好，他说这话说明他已经是n把手了 
662,回复@盲人节:？？？你在暗示什么 
663,回复@-禾白少二:噗哈哈哈哈哈哈哈哈 有内味了 
664,可能有的人阳痿，看到你的广告心里难受了 所以找麻烦。哈哈哈哈哈哈 
665,@你说的无能的男人 
666,回复@LemonTree大坏蛋:啧啧啧 
667,回复@Aiyamamanei:杜蕾斯总会给我们意想不到的惊喜 
668, 
669,回复@刘刘泓呈:慢 
670,回复@落竹欲:看过了大姐 
671,回复@姜百慧是臭猪:只有文案牛批？杜蕾斯不牛批么？ 
672,@咚咚咚咚哐-  
673,对不起，我这里只有2G信号📶 
674,回复@Erfan_iliham:不行 
675,回复@海的小女:淦 ¡评论配图 
676, 
677,文案
678,回复@是金秘书:噗，怎么哪都有你 
679,回复@OLDYANG杨老穷:卧槽…这位大哥太直白了。我…… 
680,听说你们太内涵被罚款了 
681,回复@今天要搬哪块砖_rrrrrr:？还不持久 
682,听说杜杜内涵被罚钱了，心疼杜杜一波 
683, 
684,回复@BornStubborn5:嗯？抄热评？ 
685,回复@muradill27:没有下次 
686,回复@辞北也贺千山:绝了哈哈哈哈 
687,回复@杜蕾斯官方微博:我也需要点配件 
688,回复@爱喝没有气的可乐: 
689,转发微博 
690,回复@我喜欢吃比较硬的饭:不好用 
691,回复@赵滕美子: 
692,回复@一只猪腿子:读书少语文差，谢谢漂亮妹子 
693,回复@原香呀:绝了 
694,回复@小牟同学身体健康万事如意:被罚81万！你快看看！ 
695,回复@缄默森:你会被网警抓的 
696,你们的手机卡放进去还拿出来吗 
697,回复@iBingo:这层更好笑哈哈哈哈哈@想喝奶茶了吗_ 
698,回复@杜蕾斯官方微博:@星星跌入你眼里 哈哈哈哈哈哈哈哈哈哈哈哈哈哈哈 
699,回复@饕12138:爬 🐶 
700,回复@零下三度的奶盖:有点东西 
701,回复 @成功牵手林杨:咱看完没多久，它就因为这个广告被罚了81万 
702,回复@老乡鸡:铁粉，啧啧啧啧 
703,回复@我这次没迷路:这都可以？？？ 
704,好家伙，被罚款81万 
705,回复@一只無趣猪:你是说我快咯 
706,哈哈哈，问下，81万能让我慢几秒 
707,回复@小璇儿Max:哪里被罚 
708,回复@人间小乖猫:我够慢嘛 
709,回复@ssrlytt:妈的怎么没有你 
710,回复@明尼苏打是creep: 
711,回复@绵绵绵绵绵绵拖:啊这 
712,回复@Nouuuuus: 
713,你贴上持久俩字我都不好意思用了 
714,防微杜渐 
715,回复@v是晓宇哦:被罚了惨兮兮 
716,墙都不扶就扶你 
717,回复@书芳寨的小蜜蜂:我看了 
718,回复@野蛮生长的反派角色:👏👏👏👏 
719,真不错，文案。 
720,回复@keneshiro:哦哦哦 
721,回复@小璇儿Max:就买这个牌子 
722,回复@别去管陈词乱话:哈哈哈哈哈哈 
723,🐂 
724,回复@啾咪啾咪啾咪鱼:这里领？ 
725,回复@沿途292:我还在  所以不晚 
726,回复@hhoolie:略略略才没有呢，哼！明明是中午12点 
727,回复@luLu-Wjgfd:来 
728, 
729,回复@Sane19:아놔 
730,回复@老子爱喝冰可乐:就喜欢你这样的 
731,这都算低俗？这都要罚钱？这班人是从清朝穿越过来的吗？ 
732,@救命改不了名 
733,掏空樊震宇计划 
734,慢下来，说的是时间还是频率 
735,回复@精神分裂症早期:这感觉是怎么样的？有人说很疼 
736,回复@Damdong_7:我服 
737,回复@gg-Rich:妈耶 
738,下期文案不是你写的我不看了//@资深配件测试员leungeuro:“配件，也很重要” 
739,回复@leungeuro:听懂掌声👏 
740,正直  也要圆滑 
741,@吴镇宇济宁分宇 
742,回复@话痨洛:@晟澄不上秤 
743,回复@维他橙R:厉害了，然后被罚款了 
744,好惨啊你 这也被罚 
745,回复@杜蕾斯官方微博:寄出去他一个人怎么用？ 
746,回复@精神分裂症早期:23年了 
747,回复@不怎么玩的用户:这，女优可以吧 
748, 
749,回复@WN-Yan年:被罚款81万 
750,回复@杜蕾斯官方微博:那不堵住吗？ 
751,回复@爱瑞思拜:不懂，虽然知道是车，但是没整明白是什么车 
752,回复@话痨洛:哈哈哈哈姐妹被围观了 
753,回复@饱饱睡:牛 
754,回复@你们的库里弟弟:🐂 
755,回复@dang的光芒四射:都是网恋吧 
756,回复@啵唧一只酱板鸭:你来 
757,因为这个广告 杜蕾斯被罚款了80万 
758,回复@立立立立立立立立立立立立立:买它干啥，又没鸡鸡 
759,回复@你不知道u:我争当2G 
760,18万 
761,回复@飞不了的鴿子-:？？？？ 
762,回复@我是你的恩啊:干嘛 你又用不到 你用的是👋套 
763,回复@名前biubiubiu:没潮过 
764,你家的质量不行啊都搞破两次了！ 
765,回复@不知名小髙-:哈哈哈哈哈哈哈哈哈哈哈哈哈哈哈哈 
766,回复@我不是嘉嘉啊:我直接没有信号 
767,回复@iBingo:@皮卡丘的饲养员 
768,@宣宣宣宣宣宣宣宣宣宣宣宣 宣传鬼才 
769,回复@何理-Hero: 
770,回复@的的他老妈:123结束 
771,心疼小杜 
772,杜蕾斯因内涵广告被罚81万~~~这广告费  值了 
773,回复@敷敷什么时候才能不丑: 
774,回复@是土土呀:紧跟时事 
775,回复@讲给可爱的我:啊？ 
776,转发微博 
777,回复@心狠手辣丁某:哈哈哈哈哈哈哈哈 
778,回复@玛利亚伏特加少女: 
779,81万，广告费值了 
780,回复@--xxxiHhh_:一起慢慢来 
781,安排？ 
782,不仅要满，还要持久滋润 
783,回复@来自客家的雨花石:骗人入赌，全家入土🙏 
784,回复@leungeuro:下次的文案一定看你 
785,回复@MC_小黄:什么感觉 
786,回复@HyokoMe:就这？ 
787,回复@池十汇道:？？？ 
788,回复@挂住你别想跑:已经看到了 
789,回复@甜甜的宝宝吖:猪猪 
790,@西瓜不懂大海甜  
791,回复@leungeuro:@辞北也贺千山 官方来了哈哈哈哈 
792,回复@Jasmine养到金毛了吗: 
793,回复@kwonLimGua:杜蕾斯回复说要给他寄配件了hhhhhhhhhh 
794,回复@可乐气泡咕嘟咕嘟咕嘟:来了来了 
795,回复@leungeuro:@可乐气泡咕嘟咕嘟咕嘟 什么意思啊 
796,回复@暮柳:对✓ 
797,回复@kwonLimGua:所以爱会消失对不对 
798,414414 
799,回复@kwonLimGua:你为什么不回复我一下 
800,回复@kwonLimGua:你这样会显得我很凄惨 
801,回复@一只喜欢史迪仔的皮卡丘:嘶 
802,回复@kwonLimGua:举报了 
803,回复@kwonLimGua:还不到九点，稍微收敛点吧，也不能刚上班就玩手机吧 
804,回复@leungeuro:@一碗柠檬酸菜鱼 @外星_Da @reiyul @满杯金菠萝国公主 
805,神秘配件·· 
806,回复@Jiebbo:我知道你想要 我帮你代付 
807,回复@李鱼ww:好像是 可能还有别的 
808,回复@坚勇酷: 
809,回复@天禧_:肯定不快 
810,回复@HkiYii:来了幺幺 
811,回复@leungeuro:@unlesshomesnight  哈哈哈，太秀了 
812,回复@NotTransparent-:被一楼秀到了 
813,老杜，你太惨了 
814,回复@Shannon孙莹童鞋: 
815,"看到你们被罚款过来的,只有我觉得文案挺好的啊.广告创意新颖也不低俗! "
816,回复@今天也爱施柏宇唷:哈哈，多爽啊 
817,最新消息，罚了81万 
818,东北杜 
819,回复@曲奇饼干烧仙草:这哪顶得住啊 
820,回复@从没忘记微笑的董小姐: 
821,回复@滚过来舔包:哈哈哈哈哈哈哈哈！ 
822,回复@我是榕大宝:你不是最清楚吗 
823,看来文案师还是那个人啊 
824,下面一条就是你被罚款的文案🙊 
825,回复@月月小甜饼呀: 
826,回复@月月小甜饼呀:我回了啊 
827,回复@不长记性的喵_:你他妈还真敢艾特 这个别人能看到 
828,回复@我要握住风:我马上买两盒支持一下 
829,回复@这里不是小pu:你快吗？ 
830,广告界的天花板 
831,回复@Lee樂多_007:嗯？好的，买 
832,回复@夢羽Ss:没用过哦 
833,回复@佛系懒散失忆小牛奶: 
834,回复@阿喜来:节奏一直把控的很好 
835,文案666 
836,回复@吃个南北橘:卧槽哈哈哈哈哈哈 
837,回复@_秀晶呀_:好的 
838,@洋葱蘸欧尼酱 价值81w的广告 
839,听说你被罚了。。 
840,回复@Rosmantic_ss: 
841,回复@杜蕾斯官方微博:你给他送，也得他有对象才行呀！！哈哈哈哈哈哈哈 
842,回复@涛涛一笑铁憨憨: 
843,回复@Cheersy_:卧槽了个dj 
844,回复@西北阿长:我猜你是想说首屈一指？ 
845,回复@LefUMc-Yau:不明白为啥罚 
846,@被双标的舔狗 
847,@In1Feeling 
848,回复@是金秘书:来啊！快活啊！ 
849,回复@他们都说我是富二代:滚犊子 
850,回复@邓米妮:哈哈 
851,回复@Sparrow要吃小笼包:我老2G了 
852,回复@我家球球大宝贝:意思就是让我给你买一个 
853,呵护每一份精华 
854,回复@只有白天是绅士:有些时候还是配套的好 
855,回复@高姗姗来迟:哈哈哈哈哈 
856,回复@吃土也要喝三块的饮料:昨天就看到了，不愧是杜蕾斯 
857,一日三餐 
858,回复@话痨洛:这种话也好意思说 
859,开车高手 
860,回复@吉利汽车:哈哈哈哈哈哈哈 配件 很重要 
861,你们因为这些广告被罚款81万有这个事儿吧！ 
862,这个事儿上，我可能是个E网 
863,配套 也很重要 
864,回复@句J号H:哈哈哈哈好绝！ 
865,回复@大眼袋Angela:你老公知道你这么说嘛 
866,好 
867,听说你被罚了 
868,回复@小陈没睡醒ee:那你觉得 多慢 是慢 
869,3 
870,这个广告81万！讷 
871,回复@抱了个cc:你妈 
872,回复@是姗珊_:牛批 
873,回复@伴月半酱: 
874,回复@No1_Soul: 
875,转发微博 
876,回复@仙女谢谢_:这个可以哈哈 
877,服了 
878,回复@啾啾不能再吃了_:懂得，咱慢点 
879,回复@喜马拉雅大哥大_:哈哈哈哈哈哈哈哈哈哈哈哈哈 
880,回复@每日都系食饱饱:这就是他用tantan的理由？ 
881,回复@-佳珺-:哈哈哈哈哈哈 
882,回复@安格斯芝士双层牛肉堡:没看懂 
883,回复@梦Manta: 
884,回复@Real丶F:蜗牛 
885,回复@鸡蛋屁姆:小场面 
886,回复@小勺道子:妈的 这文案 
887,回复@最小怪兽:哈哈哈哈 
888,回复@再看我就把你喝掉oo:牛逼！ 
889,回复@异形:同服 
890,回复@sprinnnnnnnng:您是在暗示我什么吗 
891,回复@阿杨长得真别致:？不应该多练俯卧撑么 
892,回复@ShiYieJu_Plus: 
893,回复@YaTBoilove_:牛逼哈哈哈 
894,回复@Smiling尚好的青春:？？？我太快了 
895,回复@Voustimers:？？？ 
896,[米奇比心] 
897,@LL再吃一碗饭 
898,这就是你那天说的！快了快了@竖哥不解释 
899,回复@晚睡晚起少糖少冰:干嘛 男人不可以太快 
900,回复@绿绿养了一只鸡:？ 
901,@蔡妍一般帅 哈哈 
902,回复@一头大海星:她都不满意，那我也不满意 
903,😘 
904,回复@怎不由他:大晚上不睡觉的。被我抓到了 
905,@骑电动车很慢的某某某 是这样吗 
906,@执着的贝塔 
907,曹操，说来就来 
908,回复@老乡鸡:图片评论 ¡评论配图 
909,回复@今天也在努力减肥u:没问题 
910,我怀疑处罚你的人是毫秒男 
911,@ViIafinara 
912,回复@西柚柠檬并不甜:哈哈哈哈，今天被罚钱了 
913,回复@Tingzhi-Zhuang:啧啧啧 
914,昨天同事还说文案棒，今天就上热搜被罚 
915,回复@你的初恋女友:哈哈哈他文案都好搞笑 
916,回复@一只小风扇sss:哈哈哈哈哈哈懂了懂了 
917,回复@什么玩意变的:为什么睡这么晚？ 
918,哈哈 
919,回复@绘羽梨衣:只能够慢下来 
920,不愧是你 
921,回复@Zhangshiyang-_:我喜欢快的 
922,回复@话痨洛:笑死了 
923,回复@老乡鸡:@千度高温因你涌起 这个老乡鸡不学好啊 
924,回复@不想拿外卖:哈哈哈好惨 
925,回复@Priapus_dh:处男怎么办 
926,回复@leungeuro:@小周冲浪不吃软糖 
927,需要一个配件 
928,回复@立誓不再做咸鱼:。。。 
929,回复@阿天不黑:说这话会收到律师函的 
930,回复@红葫芦大娃:6 
931,回复@今天早睡好嘛:嗯？？？ 
932,回复@亲爱的张晓燕:🌚 
933,回复@Kin21:哪儿都有它 
934,回复@胖袁同学:傻瓜 
935,回复@甦蘆蘆蘆蘆:发这个容易挨揍，请问你抗揍吗 
